allele,allele_frequency,n_unique_epitopes_sb,n_sb_row_instances_allele,total_unique_epitopes_sb
HLA-A*01:01,0.1646,4,7,1280
HLA-A*02:01,0.2755,140,300,1280
HLA-A*02:03,1.93e-05,193,423,1280
HLA-A*02:06,0.0018,174,357,1280
HLA-A*03:01,0.1399,62,113,1280
HLA-A*11:01,0.0609,102,211,1280
HLA-A*23:01,0.0197,52,100,1280
HLA-A*24:02,0.0846,35,56,1280
HLA-A*26:01,0.0309,8,16,1280
HLA-A*30:01,0.013,217,363,1280
HLA-A*30:02,0.009,35,56,1280
HLA-A*31:01,0.027,211,362,1280
HLA-A*32:01,0.0355,56,103,1280
HLA-A*33:01,0.0081,73,128,1280
HLA-A*68:01,0.0319,167,290,1280
HLA-A*68:02,0.0084,94,224,1280
HLA-B*07:02,0.1306,139,239,1280
HLA-B*08:01,0.1144,44,108,1280
HLA-B*15:01,0.0606,87,174,1280
HLA-B*35:01,0.056,81,140,1280
HLA-B*40:01,0.0528,42,94,1280
HLA-B*44:02,0.0952,15,49,1280
HLA-B*44:03,0.0467,13,47,1280
HLA-B*51:01,0.0473,4,4,1280
HLA-B*53:01,0.0034,35,45,1280
HLA-B*57:01,0.0365,42,87,1280
HLA-B*58:01,0.0073,93,193,1280
