allele,n_unique_epitopes_sb,n_sb_row_instances_allele
HLA-A*02:03,193,423
HLA-A*02:06,174,357
HLA-A*02:01,140,300
HLA-B*07:02,139,239
HLA-A*30:01,217,363
HLA-A*31:01,211,362
HLA-A*11:01,102,211
HLA-B*57:01,42,87
HLA-B*58:01,93,193
HLA-A*03:01,62,113
HLA-A*33:01,73,128
HLA-A*68:01,167,290
HLA-B*35:01,81,140
HLA-B*15:01,87,174
HLA-A*30:02,35,56
HLA-A*32:01,56,103
HLA-B*40:01,42,94
HLA-B*44:03,13,47
HLA-A*68:02,94,224
HLA-B*08:01,44,108
HLA-A*23:01,52,100
HLA-A*24:02,35,56
HLA-B*44:02,15,49
HLA-A*26:01,8,16
HLA-A*01:01,4,7
HLA-B*51:01,4,4
HLA-B*53:01,35,45
